sample_order,cluster_id,hst_n_bins,hst_n_stars_total,hst_radius_min_arcsec,hst_radius_max_arcsec,hst_sigma_median_masyr,hst_sigma_center_masyr,hst_sigma_gradient_loglog,hst_sigma_curvature_abs,hst_outer_inner_sigma_ratio,hst_beta_pm_median,hst_beta_pm_abs_median,gaia_profile_n_bins,gaia_radius_min_arcsec,gaia_radius_max_arcsec,gaia_pm_disp_median_masyr,gaia_pm_disp_center_masyr,gaia_pm_disp_gradient_loglog,gaia_pm_disp_curvature_abs,gaia_outer_inner_disp_ratio,gaia_pm_rot_abs_max_masyr,gaia_rotation_support_proxy,vel_all_n_bins,vel_all_n_stars_total,vel_all_radius_min_arcsec,vel_all_radius_max_arcsec,vel_all_sigma_median_kms,vel_all_sigma_center_kms,vel_all_sigma_gradient_loglog,vel_all_sigma_curvature_abs,vel_all_outer_inner_sigma_ratio,vel_rv_n_bins,vel_rv_sigma_median_kms,vel_rv_sigma_gradient_loglog,vel_vb21_n_bins,vel_vb21_sigma_median_kms,vel_vb21_sigma_gradient_loglog,vel_li22_n_bins,vel_li22_sigma_median_kms,vel_li22_sigma_gradient_loglog,vel_w15_n_bins,vel_w15_sigma_median_kms,vel_w15_sigma_gradient_loglog,vel_p22_n_bins,vel_p22_sigma_median_kms,vel_p22_sigma_gradient_loglog,vel_f13_n_bins,vel_f13_sigma_median_kms,vel_f13_sigma_gradient_loglog,vel_l13_n_bins,vel_l13_sigma_median_kms,vel_l13_sigma_gradient_loglog,vel_k18_n_bins,vel_k18_sigma_median_kms,vel_k18_sigma_gradient_loglog,vel_c21_n_bins,vel_c21_sigma_median_kms,vel_c21_sigma_gradient_loglog,vel_d21_n_bins,vel_d21_sigma_median_kms,vel_d21_sigma_gradient_loglog,vel_g22_n_bins,vel_g22_sigma_median_kms,vel_g22_sigma_gradient_loglog,vel_t22_n_bins,vel_t22_sigma_median_kms,vel_t22_sigma_gradient_loglog,has_gc_parameters_apogee_vac,has_apogee_star_level,has_apogee_abundance_summary,has_gaia_edr3_profile,has_gaia_member_summary,has_hst_hugs_metadata,has_hst_pm_profile,has_rv_pm_velocity_profile,n_gaia_profile_rows,n_hst_pm_rows,n_velocity_profile_rows,n_apogee_star_rows,core_dynamics_complete,chemistry_available,catalogue_file,parse_status,N_total,N_member_p10,N_member_p50,N_member_p80,N_member_p90,radius_member_median_deg,radius_member_p90_deg,pmra_member_median_masyr,pmdec_member_median_masyr,pmra_member_sigma_masyr,pmdec_member_sigma_masyr,parallax_member_median_mas,g_member_median_mag,bp_rp_member_median_mag,qflag_pass_fraction,cluster_name_hugs,ra_deg,dec_deg,F275W_exp_s,F336W_exp_s,F435W_exp_s,F438W_exp_s,F606W_exp_s,F814W_exp_s,catalog_methods,plot_products,has_bundle_tar_gz,GC_name,RA_cen,DEC_cen,R_t,Fe_H_med,Fe_H_sig,RV_med,RV_sig,PM_RA,PM_DEC,PM_sig,dist,dist_err,rad_vel,rad_vel_err,Rgc,Rgc_err,mass,mass_err,Nstars,log10_mass,source_file,GC_NAME_mode,N_apogee_total,N_apogee_highprob,RV_median_kms,RV_sigma_kms,FE_H_median,FE_H_sigma,FE_H_iqr,FE_H_N,M_H_median,M_H_sigma,M_H_iqr,M_H_N,ALPHA_M_median,ALPHA_M_sigma,ALPHA_M_iqr,ALPHA_M_N,C_FE_median,C_FE_sigma,C_FE_iqr,C_FE_N,N_FE_median,N_FE_sigma,N_FE_iqr,N_FE_N,O_FE_median,O_FE_sigma,O_FE_iqr,O_FE_N,NA_FE_median,NA_FE_sigma,NA_FE_iqr,NA_FE_N,MG_FE_median,MG_FE_sigma,MG_FE_iqr,MG_FE_N,AL_FE_median,AL_FE_sigma,AL_FE_iqr,AL_FE_N,SI_FE_median,SI_FE_sigma,SI_FE_iqr,SI_FE_N,CA_FE_median,CA_FE_sigma,CA_FE_iqr,CA_FE_N,TI_FE_median,TI_FE_sigma,TI_FE_iqr,TI_FE_N,NI_FE_median,NI_FE_sigma,NI_FE_iqr,NI_FE_N,CE_FE_median,CE_FE_sigma,CE_FE_iqr,CE_FE_N,dsi_component_dispersion_gradient_raw,dsi_component_anisotropy_raw,dsi_component_rotation_support_raw,dsi_component_profile_curvature_raw,dsi_component_central_enhancement_raw,dsi_component_outer_disturbance_raw,dsi_component_chem_complexity_aux,DSI_to_be_computed_in_MATLAB,apogee_missing_reason
1,NGC0104,28,10318.0,8.0216,158.5868,0.545,0.66,-0.11215662275753939,0.2452184593167265,0.8238297872340427,0.03321301332416027,0.09694877643362593,101,24.000012,2400.0012,0.219382,0.534393,-0.35348907192473955,0.2939330622570665,0.40432481227688655,0.263579,1.2014613778705638,86,39028.0,6.45,1705.71,9.7,11.54,-0.25387000889446437,0.28333377442253077,0.45881863560732117,32,9.46,-0.24379351064443808,26,6.73,-0.3523513939466124,28,11.68,-0.11190153143244036,0,,,0,,,0,,,0,,,0,,,0,,,0,,,0,,,0,,,1,1,1,1,1,1,1,1,101,28,86,302,1,1,catalogues/NGC_104_47Tuc.txt,OK,144761,112404,110299,108502,107056,0.1545409330889392,0.3385399001580562,5.2603,-2.5518,0.8669611969750385,0.9061083783326652,0.2192,18.896,0.9441,0.5166864613459777,NGC 0104,6.023792,-72.081306,348s,225s,10s | 100s,,3s | 50s,3s | 50s,meth01 |  meth02 |  meth03,"CMD: (png)   | RGB: (png, tif)",1,NGC0104,6.02379,-72.08131,1.557,-0.743,0.061,-17.45,12.0,5.2516,-2.5516,0.65,4520.6,31.0,-17.45,0.16,7.52,0.01,813000.0,5310.0,302.0,5.910090545594068,GC_parameters_VAC-v1_1.fits,NGC0104,302.0,296.0,-17.796436,7.462715,-0.74875,0.061388526,0.0728150606155395,295.0,-0.74352,0.06153904,0.0710949897766113,295.0,0.276915,0.024495607,0.0319100022315979,295.0,0.016597986,0.16129903,0.1972104609012603,295.0,0.73388,0.40708274,0.8281649947166443,295.0,0.317533,0.13064831,0.1033925414085388,294.0,0.12631202,0.3924329,0.3523899912834167,291.0,0.33592296,0.04460291,0.0458449721336364,295.0,0.300801,0.13925838,0.1259100139141082,294.0,0.24780053,0.04270875,0.0427500009536743,293.0,0.197245,0.059049174,0.0714999437332153,293.0,0.18589312,0.10063016,0.1179599612951278,291.0,0.078852475,0.049393147,0.0312499403953552,295.0,-0.102375,0.28176892,0.2389425188302993,288.0,-0.23983856785891444,0.09694877643362593,1.2014613778705638,0.27416176533210795,1.1896907216494845,0.5623244117060835,0.4368835363241018,,
2,NGC0288,5,487.0,13.8853,80.8034,0.068,0.074,-0.05628734291822784,0.20274252203847387,0.9189189189189191,0.0,0.14577594123048676,101,9.0,900.0,0.0395816,0.0697345,-0.33639084889554366,0.510949597890026,0.4029377711395821,0.0175102,0.44238231905733977,18,3186.0,13.89,639.1,2.665,3.15,-0.1765206188248621,0.35500638811959456,0.6862068965517242,7,2.57,-0.25506963381347153,6,2.62,-0.3222634049220849,5,2.9,-0.056180164237033155,0,,,0,,,0,,,0,,,0,,,0,,,0,,,0,,,0,,,1,1,1,1,1,1,1,1,101,5,18,43,1,1,catalogues/NGC_288.txt,OK,12191,11135,10966,10766,10591,0.0464241854596197,0.1033991537644274,4.1611,-5.69535,0.999584205466954,1.071164877849588,0.11395,19.66605,0.73465,0.5457778588364034,NGC 0288,13.1885,-26.582611,400s,350s,,41s,10s | 130s,10s | 150s,meth01 |  meth02 |  meth03,"CMD: (png)   | RGB: (png, tif)",1,NGC0288,13.1885,-26.58261,0.605,-1.271,0.065,-44.45,3.1,4.1639,-5.7053,0.36,8988.1,88.7,-44.45,0.13,12.21,0.06,93400.0,2580.0,43.0,4.970346876230093,GC_parameters_VAC-v1_1.fits,NGC0288,43.0,43.0,-44.360798,2.1461024,-1.2698,0.06646963,0.0677500367164611,43.0,-1.2663,0.066808015,0.0726000070571899,43.0,0.28908503,0.033584584,0.0493399798870086,43.0,-0.25100994,0.100707926,0.1241349577903747,43.0,0.33698,0.32509735,0.6327849924564362,43.0,0.37633312,0.10783235,0.1586350202560424,43.0,0.017601967,0.4028979,0.3899499475955963,42.0,0.27849305,0.043511577,0.0531599819660186,43.0,0.14384091,0.14288227,0.2118099927902221,43.0,0.31129062,0.038374368,0.0443800687789917,43.0,0.25307494,0.1673315,0.0661550164222717,43.0,0.015559554,0.101977274,0.1084648966789245,42.0,0.0055925846,0.044282965,0.0327999591827392,43.0,-0.020210028,0.14540142,0.1428750157356262,42.0,-0.18973293687954454,0.14577594123048676,0.44238231905733977,0.35623283601603145,1.1819887429643527,0.6693545288700751,0.36388885542530597,,
3,NGC0362,19,3342.0,7.1193,90.796,0.178,0.197,-0.11437449696717042,0.24575583928095265,0.8342105263157895,0.012011903033822047,0.10488006023880392,101,7.2,720.0,0.0834385,0.194892,-0.31225263006911746,0.19931187295302558,0.44958251569123836,0.0111594,0.13374401505300312,40,6667.0,6.3,518.44,7.02,7.49,-0.1924952081791724,0.33628409517370544,0.582901554404145,16,6.76,-0.21016309694600746,5,5.92,-0.41873246458091695,19,7.45,-0.11397970840830605,0,,,0,,,0,,,0,,,0,,,0,,,0,,,0,,,0,,,1,1,1,1,1,1,1,1,101,19,40,70,1,1,catalogues/NGC_362.txt,OK,19537,14649,14239,13834,13499,0.0519200346687095,0.1101529572239642,6.7023,-2.5442,1.069584147990273,1.0819998581227197,0.116,19.4851,0.7498,0.4562820422782498,NGC 0362,15.809417,-70.848778,519s,350s,,54s,10s | 150s,10s | 170s,meth01 |  meth02 |  meth03,"CMD: (png)   | RGB: (png, tif)",1,NGC0362,15.80942,-70.84878,0.598,-1.113,0.06,223.12,8.6,6.6936,-2.5352,0.22,8829.0,96.1,223.12,0.28,9.62,0.06,284000.0,4240.0,70.0,5.453318340047038,GC_parameters_VAC-v1_1.fits,NGC0362,70.0,70.0,223.82297,5.109172,-1.1112,0.06034829,0.0525249540805816,70.0,-1.1108501,0.06524483,0.047349989414215,70.0,0.12861499,0.040395476,0.061221994459629,70.0,-0.46273994,0.18290548,0.2068000137805938,70.0,0.7003701,0.40346232,0.7444974780082703,70.0,0.15715793,0.14760871,0.1192713975906372,70.0,0.09632197,0.5133443,0.467722475528717,60.0,0.09036106,0.070811905,0.1097700744867324,70.0,-0.018349051,0.2474567,0.4258750379085541,70.0,0.13348562,0.043099213,0.069420039653778,70.0,0.17745498,0.08341077,0.0839350223541259,70.0,-0.02256143,0.104801126,0.155018925666809,69.0,-0.044757485,0.090916455,0.061825007200241,70.0,-0.09865999,0.2512233,0.1891999244689941,65.0,-0.20637411173848677,0.10488006023880392,0.13374401505300312,0.2604506024692279,1.066951566951567,0.6222315321370576,0.48236179785543287,,
4,NGC1261,20,3025.0,3.1141,99.6557,0.0625,0.075,-0.16431566520738095,0.21608550329423268,0.7291666666666667,0.0,0.1009884320909496,101,6.000012,600.0012,0.02244,0.0843423,-0.6714892858692328,0.8688248427737988,0.14288410420908185,0.0225651,1.0055748663101605,29,3524.0,3.11,445.77,4.5,5.83,-0.19541808392494842,0.21325145114726615,0.5579710144927537,7,3.79,-0.2231948833673054,2,3.685,,20,4.86,-0.1638409365008106,0,,,0,,,0,,,0,,,0,,,0,,,0,,,0,,,0,,,0,0,0,1,1,1,1,1,101,20,29,0,1,0,catalogues/NGC_1261.txt,OK,6084,5106,4889,4627,4422,0.0282405736485645,0.06889998935469,1.6088,-2.0618,1.4248994004051971,1.542549881768603,0.0586,19.8902,0.7121,0.4575577827776641,NGC 1261,48.067542,-55.216222,859s,413s,,168s,40s | 350s,40s | 360s,meth01 |  meth02 |  meth03,"CMD: (png)   | RGB: (png, tif)",1,,,,,,,,,,,,,,,,,,,,,,,,,,,,,,,,,,,,,,,,,,,,,,,,,,,,,,,,,,,,,,,,,,,,,,,,,,,,,,,,,,,,-0.34374101166718746,0.1009884320909496,1.0055748663101605,0.4327205990717658,1.2955555555555556,0.4766739284561674,,,No APOGEE VAC row in supplied files for this GC
5,NGC1851,20,4511.0,4.3529,89.8988,0.13,0.185,-0.22506315427033677,0.16195292879999715,0.6456456456456457,0.03669409776475152,0.10243620224454425,101,9.0,900.0,0.0431196,0.173078,-0.5218657333079876,0.3601628176350105,0.26956680251559223,0.0182253,0.42266857763059024,48,11493.0,4.35,1283.92,7.14,10.48,-0.2851866468977356,0.19131090622796712,0.44721906923950067,22,7.220000000000001,-0.29227514232068114,6,4.225,-0.5238496321974488,20,7.36,-0.22461697988948923,0,,,0,,,0,,,0,,,0,,,0,,,0,,,0,,,0,,,1,1,1,1,1,1,1,1,101,20,48,71,1,1,catalogues/NGC_1851.txt,OK,12688,10861,10540,10196,9943,0.0417463170911171,0.0979256655164196,2.1252500000000003,-0.64735,1.162585018285805,1.4236843747738115,0.074,19.80325,0.7565,0.459392789373814,NGC 1851,78.528167,-40.046556,1288s,453s,,140s,20s | 350s,20s | 350s,meth01 |  meth02 |  meth03,"CMD: (png)   | RGB: (png, tif)",1,NGC1851,78.52816,-40.04655,0.611,-1.13,0.168,321.4,11.0,2.1453,-0.6499,0.27,11950.7,133.5,321.4,1.55,16.69,0.11,318000.0,4240.0,71.0,5.502427119984433,GC_parameters_VAC-v1_1.fits,NGC1851,71.0,71.0,320.13724,5.662772,-1.1249,0.17542064,0.1089999675750732,71.0,-1.1383,0.19227956,0.1051499843597412,71.0,0.173175,0.12843923,0.0729100033640861,71.0,-0.39814502,0.30319384,0.1370649933815002,66.0,0.70335,0.5770673,0.8527349531650543,71.0,0.19233298,0.22988677,0.1725210547447204,65.0,0.15109706,0.59182304,0.4547599852085113,58.0,0.18878305,0.14255373,0.0790619850158691,71.0,0.002180934,0.34559816,0.4627749919891357,71.0,0.15922561,0.14068156,0.094117447733879,70.0,0.23243499,0.13399993,0.085325002670288,59.0,0.055789173,0.192084,0.2446238249540329,60.0,-0.007407427,0.27670583,0.0789825767278671,70.0,0.0038399696,0.46070617,0.5201700329780579,53.0,-0.34403851149201997,0.10243620224454425,0.42266857763059024,0.23780888422099158,1.4677871148459385,0.45414383913357953,0.7096046249846446,,
6,NGC2298,6,310.0,6.0082,86.7106,0.0745,0.085,-0.13579506208836037,0.19677480280586368,0.7654320987654321,-0.3921819422822047,0.3921819422822047,101,3.6,360.0,0.0268251,0.0669828,-0.6467569082590224,1.337572747690782,0.1558867599576465,0.0175929,0.655837256897458,11,600.0,6.01,196.89,3.04,3.96,-0.18626266129650773,0.3806513794360998,0.6434540389972145,2,3.2199999999999998,,3,2.31,-0.5114694259727762,6,3.47,-0.13618564594352664,0,,,0,,,0,,,0,,,0,,,0,,,0,,,0,,,0,,,1,1,1,1,1,1,1,1,101,6,11,12,1,1,catalogues/NGC_2298.txt,OK,4190,3357,3291,3217,3165,0.0221199005422718,0.0560736123323618,3.2986,-2.1741,1.1683389056419888,1.2515516149397063,0.133,19.8281,0.9352,0.4539653600729261,NGC 2298,102.247542,-36.005306,981s,350s,,136s,20s | 350s,20s | 350s,meth01 |  meth02 |  meth03,"CMD: (png)   | RGB: (png, tif)",1,NGC2298,102.24754,-36.00531,0.435,-1.835,0.077,147.15,4.0,3.3195,-2.1754,0.3,9828.0,168.8,147.15,0.57,15.07,0.14,56000.0,7550.0,12.0,4.748188027006201,GC_parameters_VAC-v1_1.fits,NGC2298,12.0,12.0,147.0344,3.212581,-1.83155,0.08058998,0.1459500193595886,12.0,-1.8359001,0.09827684,0.1303000152111053,12.0,0.238185,0.12754248,0.205017814412713,12.0,-0.49079514,0.23290734,0.2217350304126739,12.0,0.56945497,0.3477682,0.4108699858188629,12.0,0.28762293,0.24108128,0.1228206753730773,11.0,-0.14934796,0.584307,0.8050749897956848,4.0,0.18746299,0.13709205,0.2054662406444549,12.0,-0.29026908,0.49829638,0.8765749633312225,12.0,0.2485106,0.04138388,0.0456675291061401,12.0,0.23241496,0.25041282,0.135927528142929,12.0,-0.1292119,0.12939064,0.0817973315715789,10.0,-0.024457455,0.12030715,0.0651999115943908,12.0,-0.43576002,0.37604815,0.4972000122070312,5.0,-0.3229382105479635,0.3921819422822047,0.655837256897458,0.6383329766442484,1.3026315789473684,0.5215909659067643,0.6281170100402849,,
7,NGC2808,24,8000.0,3.475,101.5505,0.2445,0.31,-0.1848153376787156,0.34779964241776473,0.7340425531914894,0.11817493233493975,0.11817493233493975,101,9.0,900.0,0.112755,0.230413,-0.35659112740803706,0.4507670050182602,0.35953262526429663,0.0154434,0.1369642144472529,47,13756.0,3.48,526.8,11.17,14.78,-0.2548257390183525,0.2943624035733551,0.5414468726450641,18,11.515,-0.21692925195356969,5,6.68,-0.492021925175064,24,11.66,-0.18479338413324145,0,,,0,,,0,,,0,,,0,,,0,,,0,,,0,,,0,,,1,1,1,1,1,1,1,1,101,24,47,132,1,1,catalogues/NGC_2808.txt,OK,32225,19988,19088,18245,17475,0.0646020897270413,0.1298034239882401,0.98995,0.2604,1.2490539989639118,1.165967072163025,0.10235,19.68635,0.9705,0.4355092204526404,NGC 2808,138.012917,-64.8635,985s,650s,,97s,23s | 360s,23s | 370s,meth01 |  meth02 |  meth03,"CMD: (png)   | RGB: (png, tif)",1,NGC2808,138.01291,-64.86349,0.944,-1.065,0.074,103.57,14.1,0.9944,0.2738,0.44,10060.0,111.4,103.57,0.27,11.58,0.07,864000.0,6100.0,132.0,5.936513742478893,GC_parameters_VAC-v1_1.fits,NGC2808,132.0,132.0,102.335815,8.550887,-1.0869501,0.07503916,0.0914250314235687,132.0,-1.0888,0.09270512,0.1027749478816986,132.0,0.16115001,0.08160109,0.1231115013360977,132.0,-0.423285,0.11532437,0.1288550496101379,132.0,0.696355,0.38846305,0.7678999453783035,132.0,0.19962806,0.18874738,0.2333000153303146,132.0,0.034251988,0.3946208,0.430550068616867,122.0,0.12125999,0.17339061,0.2501874715089798,132.0,0.046496034,0.45958832,0.833807498216629,132.0,0.16190559,0.056449264,0.0585274845361709,132.0,0.178375,0.09272668,0.0649950206279754,131.0,0.0018121004,0.13054244,0.1659988760948181,129.0,-0.010402471,0.08624343,0.0458249747753143,132.0,-0.13536,0.29222205,0.2070999145507812,129.0,-0.26541073470170173,0.11817493233493975,0.1369642144472529,0.3643096836697934,1.3231871083258728,0.54500735036695,0.630729850463257,,
8,NGC3201,6,804.0,14.9638,97.6195,0.184,0.185,0.010077998235507535,0.2515837905325314,1.0108695652173914,-0.027608548812459,0.11621227709190668,101,15.000012,1500.0012,0.119509,0.189473,-0.22788330287135677,0.27714092332071916,0.5177964727711626,0.0301246,0.2520697185985993,38,8884.0,9.22,1976.14,4.0,4.53,-0.15255177514760435,0.18168871807535186,0.5901060070671378,19,4.13,-0.162597382299178,13,3.31,-0.20954041277927768,6,4.130000000000001,0.011766409835560945,0,,,0,,,0,,,0,,,0,,,0,,,0,,,0,,,0,,,1,1,1,1,1,1,1,1,101,6,38,217,1,1,catalogues/NGC_3201.txt,OK,63171,32674,32493,32339,32198,0.0872349700521528,0.2580967105285169,8.3411,-1.9605,0.8311153674219811,0.8963182415526914,0.211,19.4409,1.1095,0.5728310713076663,NGC 3201,154.403417,-46.412472,754s,310s,,68s,5s | 100s,5s | 100s,meth01 |  meth02 |  meth03,"CMD: (png)   | RGB: (png, tif)",1,NGC3201,154.40343,-46.41248,0.925,-1.387,0.125,493.65,4.7,8.3469,-1.9572,0.24,4736.6,42.5,493.65,0.21,8.93,0.02,154000.0,3160.0,217.0,5.187520720836463,GC_parameters_VAC-v1_1.fits,NGC3201,217.0,217.0,495.27292,4.109489,-1.35565,0.12537298,0.1077499389648437,216.0,-1.3749,0.14605951,0.1370501518249511,215.0,0.195955,0.10361157,0.0721350014209747,215.0,-0.15642011,0.27382812,0.3915790319442749,215.0,0.12879503,0.49997258,0.7587518692016602,216.0,0.23109806,0.27680326,0.2424622178077697,206.0,0.011902094,0.5237793,0.6345999240875244,177.0,0.18382311,0.11609153,0.0756999254226684,215.0,-0.28681898,0.33971152,0.3761000037193298,211.0,0.16092557,0.06980418,0.0485801398754119,216.0,0.18864,0.217011,0.1276598870754242,204.0,0.009490132,0.20897028,0.1856029033660888,185.0,-0.046057403,0.17402336,0.0797250270843505,198.0,-0.33866,0.5080613,0.5717499256134033,207.0,-0.12345235992781785,0.11621227709190668,0.2520697185985993,0.23680447730953413,1.1325,0.7062573483518971,0.6281497632128727,,
9,NGC4590,5,403.0,13.5896,75.9885,0.076,0.076,-0.07162274626116681,0.46996891053980383,0.868421052631579,0.09870213106873904,0.10951111111111111,101,9.0,900.0,0.0384732,0.0856441,-0.4424700794647642,0.6020484312011324,0.2667799120170739,0.00731699,0.19018407618809977,12,1123.0,13.59,534.44,3.235,3.75,-0.24118276224386262,0.2781513645788604,0.504,4,2.585,-0.25851721668704847,3,2.34,-0.4762965874081938,5,3.75,-0.0711859026206539,0,,,0,,,0,,,0,,,0,,,0,,,0,,,0,,,0,,,1,1,1,1,1,1,1,1,101,5,12,41,1,1,catalogues/NGC_4590_M_68.txt,OK,10305,8645,8491,8298,8094,0.0415221627567736,0.1276097566802789,-2.7395,1.7736,1.2787940343102258,1.0219564736968847,0.1176,19.6963,0.7219,0.5072429631374397,NGC 4590,189.866583,-26.744056,696s,305s,,60s,12s | 130s,12s | 150s,meth01 |  meth02 |  meth03,"CMD: (png)   | RGB: (png, tif)",1,NGC4590,189.86658,-26.74406,0.426,-2.222,0.091,-93.11,3.7,-2.7391,1.7787,0.22,10403.7,99.7,-93.11,0.18,10.35,0.07,122000.0,9220.0,41.0,5.086359830674748,GC_parameters_VAC-v1_1.fits,NGC4590,41.0,41.0,-92.8567,2.6054482,-2.2279,0.08995618,0.1124999523162841,41.0,-2.1536,0.123196036,0.1726000308990478,41.0,0.25266498,0.103884585,0.1696699857711792,41.0,-0.4228499,0.41268834,0.5495251417160034,39.0,0.28807008,0.48957977,0.7430899143218994,41.0,0.31693798,0.16772698,0.2126757204532623,40.0,0.6796521,0.76730776,0.756100058555603,22.0,0.25442314,0.11000932,0.1408431529998779,41.0,0.287381,0.37427574,0.667850136756897,36.0,0.3068807,0.059774984,0.0666800737380981,41.0,0.15555477,0.3993503,0.5301498174667358,37.0,-0.097359896,0.33016416,0.4415590763092041,17.0,0.09514248,0.22000523,0.2538750767707824,32.0,-0.08411002,0.27178067,0.3809499144554138,18.0,-0.25175852932326453,0.10951111111111111,0.19018407618809977,0.45005623543993223,1.1591962905718702,0.546400321549551,0.6324277393923003,,
10,NGC4833,12,1885.0,7.1847,91.1899,0.186,0.211,-0.092207875833234,0.15021266480892292,0.8860103626943006,0.04073255199769221,0.13016245674740495,101,7.2,720.0,0.104761,0.194161,-0.23959218277071354,0.22857415600868125,0.544234227953991,0.0283351,0.27047374500052496,22,3029.0,7.18,360.73,5.295,6.48,-0.1872953955874386,0.3042853529314369,0.5745033112582781,5,3.79,-0.25043060391893135,5,4.49,-0.46817669440049675,12,5.715,-0.09191883266054858,0,,,0,,,0,,,0,,,0,,,0,,,0,,,0,,,0,,,0,0,0,1,1,1,1,1,101,12,22,0,1,0,catalogues/NGC_4833.txt,OK,30883,15772,13279,10836,8770,0.0506732671139329,0.1003607492992686,-8.3987,-0.9778,0.8887731336647362,1.1566871115963029,0.1479,19.4841,1.1485,0.3934031177046464,NGC 4833,194.891333,-70.8765,936s,350s,,136s,10s | 150s,10s | 170s,meth01 |  meth02 |  meth03,"CMD: (png)   | RGB: (png, tif)",1,,,,,,,,,,,,,,,,,,,,,,,,,,,,,,,,,,,,,,,,,,,,,,,,,,,,,,,,,,,,,,,,,,,,,,,,,,,,,,,,,,,,-0.1730318180637954,0.13016245674740495,0.27047374500052496,0.22769072458301368,1.2237960339943343,0.6682493006355233,,,No APOGEE VAC row in supplied files for this GC
11,NGC5024,17,3772.0,7.5795,100.7875,0.072,0.083,-0.14250353346120223,0.23524650397827077,0.8258064516129032,0.20195555555555533,0.20716832426346388,101,11.999988,1199.9988,0.0247328,0.0702089,-0.5235280880197366,0.674659291368843,0.2588240631933322,0.0166974,0.6751115927028076,28,5075.0,7.58,614.24,5.76,7.28,-0.27000457704964304,0.36074067670066445,0.5334805003679176,5,3.81,-0.34890138089893225,3,3.79,-0.4778961371823461,17,6.31,-0.14165151001390364,0,,,3,5.17,-0.31390807943109883,0,,,0,,,0,,,0,,,0,,,0,,,0,,,1,1,1,1,1,1,1,1,101,17,28,41,1,1,catalogues/NGC_5024_M_53.txt,OK,11051,9977,9826,9660,9512,0.0498223333078794,0.1325631857471899,-0.14745,-1.33195,1.5299093267081774,1.4652435268695343,0.0767,20.01625,0.6819,0.5198453083655608,NGC 5024,198.230208,18.168167,1832s,460s,,180s,45s | 340s,45s | 340s,meth01 |  meth02 |  meth03,"CMD: (png)   | RGB: (png, tif)",1,NGC5024,198.23021,18.16817,0.549,-1.901,0.091,-63.37,6.3,-0.1333,-1.3307,0.25,18498.2,183.8,-63.37,0.25,19.0,0.16,451000.0,31900.0,41.0,5.654176541877961,GC_parameters_VAC-v1_1.fits,NGC5024,41.0,40.0,-62.611595,4.6068716,-1.90475,0.09584545,0.1532999575138092,40.0,-1.8835,0.11759637,0.1566999554634094,40.0,0.2395,0.08976756,0.1227925047278404,40.0,-0.35030007,0.2561123,0.3344125151634216,40.0,0.65994,0.22712822,0.3073273748159408,40.0,0.32088798,0.09368328,0.113947570323944,40.0,-0.19769806,0.74002004,0.9003499746322632,14.0,0.262258,0.09198375,0.0998872816562652,40.0,-0.08966905,0.4269952,0.8243749737739563,40.0,0.24226564,0.06664462,0.0575001239776611,40.0,0.392985,0.16045941,0.2224899530410766,39.0,-0.18885696,0.23400903,0.2791459560394287,28.0,-0.0008074641,0.1533663,0.1953749656677246,38.0,-0.30115986,0.18209274,0.1845000386238098,39.0,-0.3120120661768606,0.20716832426346388,0.6751115927028076,0.42354882401592603,1.263888888888889,0.5393703383913843,0.5015570652410086,,
12,NGC5053,5,248.0,26.5938,101.4658,0.03,0.037,-0.34193966024971967,0.9740931274061115,0.7837837837837839,0.0,0.05478451424397379,101,9.0,900.0,0.00503626,0.0218657,-0.5810544010889157,0.5859467560330793,0.234499551665419,0.0252181,5.007307009566623,3,103.0,58.77,307.27,1.47,2.19,-0.3242662766158728,,0.5114155251141553,2,1.295,,0,,,0,,,0,,,1,2.19,,0,,,0,,,0,,,0,,,0,,,0,,,0,,,1,1,1,1,1,1,1,1,101,5,3,17,1,1,catalogues/NGC_5053.txt,OK,3245,2765,2750,2719,2694,0.0393005719687438,0.088072585106279,-0.3127,-1.2436,1.125998656951565,1.2069864868927815,0.0445,20.182450000000003,0.6378,0.7436363636363637,NGC 5053,199.112875,17.70025,829s,415s,,164s,30s | 340s,30s | 340s,meth01 |  meth02 |  meth03,"CMD: (png)   | RGB: (png, tif)",1,NGC5053,199.11288,17.70025,0.317,-2.206,0.111,42.82,2.0,-0.3291,-1.2133,0.24,17536.6,233.6,42.82,0.25,18.01,0.2,73900.0,16100.0,17.0,4.868644438394826,GC_parameters_VAC-v1_1.fits,NGC5053,17.0,17.0,43.53882,1.5876096,-2.2186,0.11481832,0.108299970626831,17.0,-2.1892,0.13825555,0.1970000267028808,17.0,0.251115,0.10029442,0.1244399696588516,17.0,0.052428007,0.37268296,0.5578498840332031,17.0,0.38339996,0.41989994,0.4354900121688843,17.0,0.39371306,0.26399884,0.3819693922996521,16.0,0.60315204,0.37952402,0.4485498666763305,8.0,0.26584315,0.13187174,0.1185308694839477,17.0,0.19688106,0.42781693,0.8360999822616577,15.0,0.3147006,0.071516715,0.0895100831985473,17.0,0.46644497,0.35323137,0.5550550222396851,15.0,0.2220732,0.38234046,0.3763324618339538,15.0,-0.027507544,0.19155976,0.2012499570846557,11.0,-0.19355989,0.277365,0.1894999742507934,11.0,-0.41575344598483605,0.05478451424397379,5.007307009566623,0.7800199417195954,1.489795918367347,0.509899620187786,0.6244330929930592,,
13,NGC5272,17,3448.0,6.8217,89.7092,0.151,0.172,-0.09504106251195336,0.12291290295203543,0.8601823708206687,0.056968157973871336,0.09518143961927439,101,18.0,1800.0,0.0433444,0.174075,-0.7043089192272,0.9581525406805725,0.1745207018716888,0.0450184,1.038620906045533,35,4958.0,6.82,1119.1,6.66,8.3,-0.26282423502726104,0.2839513885485599,0.4697554697554698,11,4.92,-0.3012712914665679,7,4.44,-0.2899470849467828,17,7.28,-0.09507801389307256,0,,,0,,,0,,,0,,,0,,,0,,,0,,,0,,,0,,,1,1,1,1,1,1,1,1,101,17,35,299,1,1,catalogues/NGC_5272_M_3.txt,OK,28762,25745,25395,25064,24778,0.0745386476936629,0.1835807669493392,-0.149,-2.6792,1.285650524520347,0.8805788341133868,0.1086,19.678,0.7047,0.5276235479425083,NGC 5272,205.548417,28.377278,415s,350s,,42s,12s | 130s,12s | 150s,meth01 |  meth02 |  meth03,"CMD: (png)   | RGB: (png, tif)",1,NGC5272,205.54842,28.37728,0.714,-1.429,0.105,-147.2,7.8,-0.1521,-2.6695,0.51,10174.9,81.6,-147.2,0.27,12.09,0.06,402000.0,17000.0,299.0,5.60422605308447,GC_parameters_VAC-v1_1.fits,NGC5272,299.0,299.0,-146.30228,3.690045,-1.407,0.105122045,0.1195001602172851,295.0,-1.4267,0.11789891,0.1521000862121582,295.0,0.187145,0.08168976,0.0897749811410904,295.0,-0.35962987,0.25766218,0.3419199585914612,295.0,0.28569007,0.41302967,0.6214860677719116,295.0,0.25934303,0.18871044,0.2119049429893493,295.0,0.15975207,0.49628004,0.661982536315918,222.0,0.14453304,0.087775536,0.1002839207649231,295.0,-0.21061909,0.33183348,0.5727500319480896,295.0,0.17493057,0.10315445,0.0775799751281738,295.0,0.17627507,0.17167589,0.1134624481201171,288.0,-0.061906695,0.33796623,0.3890600204467773,209.0,-0.103907466,0.11557932,0.1236499547958374,291.0,-0.27200997,0.3520606,0.503925085067749,276.0,-0.3540580722554714,0.09518143961927439,1.038620906045533,0.4550056107270559,1.2462462462462462,0.5014861808159424,0.5472313549261305,,
14,NGC5466,5,398.0,24.8686,99.0486,0.032,0.033,-0.06956411037081366,0.24852129492189118,0.9090909090909091,0.0,0.11753902662993587,101,9.0,900.0,0.00788697,0.0258477,-0.6687624598616784,1.068030565935161,0.17499832607967863,0.0178162,2.258941012835094,6,720.0,53.63,413.26,1.395,1.95,-0.26105289445367474,0.6430006290243476,0.6568364611260055,2,1.24,,2,1.58,,0,,,0,,,2,1.595,,0,,,0,,,0,,,0,,,0,,,0,,,0,,,1,1,1,1,1,1,1,1,101,5,6,17,1,1,catalogues/NGC_5466.txt,OK,5567,4968,4918,4833,4761,0.0384006509089977,0.1041853113717759,-5.3705,-0.8349,1.2721115378572652,1.0451004739709786,0.06495,20.1404,0.6429,0.6541276941846279,NGC 5466,211.363708,28.534444,930s,350s,,135s,30s | 340s,30s | 350s,meth01 |  meth02 |  meth03,"CMD: (png)   | RGB: (png, tif)",1,NGC5466,211.36371,28.53444,0.284,-1.813,0.088,106.82,1.9,-5.3426,-0.8225,0.24,16119.8,163.1,106.82,0.2,16.47,0.13,59900.0,9930.0,17.0,4.777426822389312,GC_parameters_VAC-v1_1.fits,NGC5466,17.0,17.0,107.099594,1.3147142,-1.805,0.09031952,0.1340999603271484,17.0,-1.8224,0.1257546,0.1959999799728393,17.0,0.164025,0.11006604,0.1507289931178093,17.0,-0.7013899,0.3272187,0.2377001047134399,17.0,0.44019985,0.3872632,0.2748500108718872,17.0,0.17103803,0.074445106,0.1364639103412628,16.0,0.3495021,0.7732593,1.2495800256729126,7.0,0.11353302,0.10915094,0.1810711622238159,17.0,-0.44651902,0.3125703,0.481299877166748,17.0,0.1112206,0.08445281,0.1050831079483032,17.0,0.09007299,0.20862362,0.1240706443786621,16.0,-0.27864677,0.14491291,0.1294950246810913,14.0,-0.14260745,0.21747203,0.1679000854492187,17.0,-0.52375996,0.109331235,0.1611999869346618,11.0,-0.33312648822872226,0.11753902662993587,2.258941012835094,0.6531841632937999,1.3978494623655913,0.5803085654321977,0.5174403558983818,,
15,NGC5897,5,294.0,25.2152,79.0089,0.058,0.063,-0.11710824018079664,0.16219002448274897,0.873015873015873,-0.09594726562500022,0.33442330558858524,101,6.000012,600.0012,0.0299371,0.0559087,-0.38340211657911705,0.6350189864922932,0.32137868797445973,0.0095589,0.3192994645439939,12,1004.0,25.22,418.96,3.035,3.75,-0.24491747674065278,0.3913970567244565,0.5950413223140496,4,2.46,-0.45710329822560186,3,2.78,-0.021106367114100376,5,3.45,-0.11813111559199828,0,,,0,,,0,,,0,,,0,,,0,,,0,,,0,,,0,,,0,0,0,1,1,1,1,1,101,5,12,0,1,0,catalogues/NGC_5897.txt,OK,8224,7053,6893,6715,6524,0.0412952781804409,0.0853303695927747,-5.43,-3.4025,1.1454465862888052,1.020293390483359,0.0963,19.8633,0.8273,0.4796170027564195,NGC 5897,229.351667,-21.010111,926s,350s,,140s,25s | 340s,350s,meth01 |  meth02 |  meth03,"CMD: (png)   | RGB: (png, tif)",1,,,,,,,,,,,,,,,,,,,,,,,,,,,,,,,,,,,,,,,,,,,,,,,,,,,,,,,,,,,,,,,,,,,,,,,,,,,,,,,,,,,,-0.24847594450018884,0.33442330558858524,0.3192994645439939,0.39620202256649956,1.2355848434925865,0.5964786277681274,,,No APOGEE VAC row in supplied files for this GC
16,NGC5904,19,4210.0,3.7621,104.368,0.203,0.206,-0.04143357798369851,0.15981029616302986,0.9180722891566265,0.03902060229561499,0.05910076350268656,101,15.000012,1500.0012,0.0900579,0.227152,-0.2942365734454665,0.05594556751266184,0.5030036043251903,0.0915363,1.0164161056387058,44,11455.0,3.76,882.34,6.865,7.3,-0.1475402287787074,0.2865421299553367,0.6950067476383266,20,6.74,-0.17624692341735465,5,5.24,-0.34415962554952645,19,7.2,-0.04164297735841821,0,,,0,,,0,,,0,,,0,,,0,,,0,,,0,,,0,,,1,1,1,1,1,1,1,1,101,19,44,259,1,1,catalogues/NGC_5904_M_5.txt,OK,28523,24813,24602,24415,24260,0.0841307018837244,0.182051701385398,4.07475,-9.86715,0.9116394032019464,0.9162004893344836,0.1503,19.312,0.7808,0.4846353954963011,NGC 5904,229.638417,2.081028,689s,306s,,58s,7s | 140s,7s | 140s,meth01 |  meth02 |  meth03,"CMD: (png)   | RGB: (png, tif)",1,NGC5904,229.63841,2.08103,0.607,-1.205,0.104,53.5,7.8,4.0854,-9.8689,0.27,7479.0,60.2,53.5,0.25,6.27,0.02,358000.0,5840.0,259.0,5.553883026643875,GC_parameters_VAC-v1_1.fits,NGC5904,259.0,259.0,54.55637,5.3786917,-1.20355,0.10474954,0.1102498769760131,250.0,-1.2127,0.10085428,0.1189000606536865,250.0,0.198205,0.06285335,0.0758674889802932,250.0,-0.28176498,0.2077269,0.3111414909362793,244.0,0.72909,0.4270898,0.5902799963951111,250.0,0.2724731,0.23487012,0.2797049880027771,245.0,-0.06529796,0.51936,0.5677999258041382,215.0,0.16777301,0.08433697,0.0891050100326538,249.0,0.078880906,0.3688574,0.5277500152587891,249.0,0.19054064,0.066814154,0.0611774027347564,250.0,0.25210503,0.14365804,0.0930425524711608,248.0,0.071308255,0.16094463,0.1531591117382049,242.0,-0.06410754,0.2091278,0.1092249751091003,248.0,-0.09996003,0.3238409,0.2862000167369842,244.0,-0.16107012673595747,0.05910076350268656,1.0164161056387058,0.1674326645436761,1.0633648943918426,0.7053608803733811,0.5801264253917352,,
17,NGC5927,17,3660.0,6.8315,106.5675,0.15,0.163,-0.04801534402042837,0.05200616043406605,0.903225806451613,0.04210049796287885,0.12028537455410215,101,6.000012,600.0012,0.111454,0.167249,-0.1949480157359833,0.2560396497668637,0.5938803870954747,0.0227117,0.20377644588798968,31,4884.0,6.83,589.38,5.61,6.39,-0.13021429502736254,0.296461673771407,0.6747967479674797,9,5.34,-0.23778290108621855,5,4.73,-0.3529482528497808,17,5.88,-0.048041598113910386,0,,,0,,,0,,,0,,,0,,,0,,,0,,,0,,,0,,,0,0,0,1,1,1,1,1,101,17,31,0,1,0,catalogues/NGC_5927.txt,OK,37264,16377,9093,4430,2616,0.0566325877918358,0.1078561727478687,-5.051,-3.2058,0.850811264818925,0.7348043788728434,0.1111,19.5694,1.4948,0.395908940943583,NGC 5927,232.002875,-50.673028,668s,310s,,66s,30s | 350s,25s | 360s,meth01 |  meth02 |  meth03,"CMD: (png)   | RGB: (png, tif)",1,,,,,,,,,,,,,,,,,,,,,,,,,,,,,,,,,,,,,,,,,,,,,,,,,,,,,,,,,,,,,,,,,,,,,,,,,,,,,,,,,,,,-0.1243925515945914,0.12028537455410215,0.20377644588798968,0.2015024946574456,1.13903743315508,0.7239676471715225,,,No APOGEE VAC row in supplied files for this GC
18,NGC5986,17,3517.0,7.1035,87.9152,0.139,0.158,-0.12269852491193974,0.2878341635425741,0.819078947368421,0.09235756026296571,0.14902950543837523,101,4.799988,479.9988,0.0792338,0.160734,-0.5006794905146693,0.9442069431014404,0.20745172916527907,0.0462909,0.5842317293882158,26,3977.0,7.1,296.04,6.85,7.89,-0.15711108187825765,0.32143172041896795,0.6442634080108621,6,5.105,-0.2260564038964231,3,5.89,-0.29119560449693616,17,6.95,-0.12178422983435391,0,,,0,,,0,,,0,,,0,,,0,,,0,,,0,,,0,,,0,0,0,1,1,1,1,1,101,17,26,0,1,0,catalogues/NGC_5986.txt,OK,11293,6860,5930,4856,3931,0.0398104254840626,0.0761906676524076,-4.1903500000000005,-4.56635,1.3838372088951574,0.920658068687001,0.0918,19.7178,1.1291,0.3849915682967959,NGC 5986,236.5125,-37.786417,745s,300s,,64s,20s | 350s,20s | 350s,meth01 |  meth02 |  meth03,"CMD: (png)   | RGB: (png, tif)",1,,,,,,,,,,,,,,,,,,,,,,,,,,,,,,,,,,,,,,,,,,,,,,,,,,,,,,,,,,,,,,,,,,,,,,,,,,,,,,,,,,,,-0.2601630324349556,0.14902950543837523,0.5842317293882158,0.5178242756876608,1.1518248175182482,0.5569313615148541,,,No APOGEE VAC row in supplied files for this GC
19,NGC6093,13,1969.0,7.5567,73.9453,0.204,0.224,-0.23050705453899342,0.5485841644006452,0.6666666666666666,0.06777645659928644,0.13357857679680407,101,4.799988,479.9988,0.0829635,0.207434,-0.37664364658373656,0.3613408964420857,0.3753547455050457,0.0933583,1.1252936532330484,14,2503.0,6.52,245.61,7.98,10.73,-0.273667983040455,0.3470991267740754,0.5211665098777045,11,8.67,-0.2113157775616262,3,6.1,-0.7842423943836183,0,,,0,,,0,,,0,,,0,,,0,,,0,,,0,,,0,,,0,,,1,1,1,1,1,1,1,1,101,13,14,3,1,1,catalogues/NGC_6093_M_80.txt,OK,7749,5193,4734,4274,3849,0.0355299162033262,0.0711189269358556,-2.9282,-5.58955,1.362298058044031,1.0271229940986335,0.0894,19.5949,0.9684,0.4279678918462188,NGC 6093,244.260042,-22.976083,855s,657s,,85s,10s | 340s,10s | 340s,meth01 |  meth02 |  meth03,"CMD: (png)   | RGB: (png, tif)",1,NGC6093,244.26004,-22.97608,0.344,-1.606,0.004,10.93,11.0,-2.9344,-5.5782,0.41,10339.1,115.2,10.93,0.39,3.95,0.08,338000.0,9410.0,3.0,5.528916700277655,GC_parameters_VAC-v1_1.fits,NGC6093,3.0,3.0,17.442657,16.331593,-1.6057501,0.005161893,0.0036500692367553,2.0,-1.6375,0.4927047,0.4372000098228454,3.0,0.25473,0.0036133125,0.0025549829006195,2.0,-0.5815149,0.012239866,0.0086549520492553,2.0,0.38927,0.016574586,0.0117200016975402,2.0,0.36999303,0.093649365,0.0662201046943664,2.0,-0.48684794,0.47977197,0.3392499983310699,2.0,0.23862803,0.045700334,0.0323150157928466,2.0,-0.14516902,0.22012237,0.1556500196456909,2.0,0.31465566,0.014488569,0.0102449655532836,2.0,0.17847502,0.1022051,0.0722699165344238,2.0,0.044547677,0.20113723,0.1422255039215088,2.0,0.025392532,0.09560085,0.0676000118255615,2.0,-0.41715997,0.2825598,0.1997999250888824,2.0,-0.29360622805439496,0.13357857679680407,1.1252936532330484,0.41900806253893547,1.344611528822055,0.521062640683139,0.2254855657077484,,
20,NGC6101,8,894.0,14.463,106.348,0.0505,0.051,-0.06321213787010475,0.1261551640286246,0.9150943396226415,0.03702385190459245,0.05949298770706157,101,6.000012,600.0012,0.034807,0.0690683,-0.2999644877613486,0.30285936829586874,0.4420130165168231,0.0163621,0.4700807308874652,11,1007.0,14.46,137.74,3.42,3.49,-0.08966429663186558,0.34933613818785336,0.8309455587392549,2,2.8,,1,2.9,,8,3.455,-0.06189364239426386,0,,,0,,,0,,,0,,,0,,,0,,,0,,,0,,,0,,,0,0,0,1,1,1,1,1,101,8,11,0,1,0,catalogues/NGC_6101.txt,OK,13365,8101,7836,7550,7272,0.0396570926780834,0.0996595443877828,1.7568,-0.26465,1.2148671706235392,1.3512463216755588,0.078,20.1234,0.80055,0.5156967840735069,NGC 6101,246.4505,-72.202194,940s,415s,,165s,35s | 370s,35s | 340s,meth01 |  meth02 |  meth03,"CMD: (png)   | RGB: (png, tif)",1,,,,,,,,,,,,,,,,,,,,,,,,,,,,,,,,,,,,,,,,,,,,,,,,,,,,,,,,,,,,,,,,,,,,,,,,,,,,,,,,,,,,-0.150946974087773,0.05949298770706157,0.4700807308874652,0.25945022350411556,1.02046783625731,0.7293509716262397,,,No APOGEE VAC row in supplied files for this GC
21,NGC6121,6,606.0,13.4955,106.7347,0.559,0.582,-0.015555758338030686,0.14794392727844996,0.9762741652021091,0.058563759188076936,0.1154032287926608,101,18.0,1800.0,0.303164,0.525757,-0.2870651629665268,0.38547137900807377,0.45255084184566285,0.0274111,0.09041673813513479,36,13841.0,13.5,998.32,4.03,5.11,-0.20948743312568024,0.29416604030240884,0.6306584362139919,15,4.03,-0.18002684280506617,15,3.72,-0.27379568964900775,6,4.904999999999999,-0.016718158647011115,0,,,0,,,0,,,0,,,0,,,0,,,0,,,0,,,0,,,1,1,1,1,1,1,1,1,101,6,36,224,1,1,catalogues/NGC_6121_M_4.txt,OK,69417,26503,26352,26225,26109,0.0980686491796475,0.2519914333208524,-12.516,-19.01,0.9608585015886812,0.7454729514856908,0.5553,18.42445,1.4677,0.5570734669095325,NGC 6121,245.89675,-26.52575,808s,300s,,66s,1s | 25s,1s | 30s,meth01 |  meth02 |  meth03,"CMD: (png)   | RGB: (png, tif)",1,NGC6121,245.86974,-26.52575,1.658,-1.074,0.103,71.21,4.8,-12.514,-19.021,0.68,1851.0,15.5,71.21,0.15,6.45,0.01,88100.0,1140.0,224.0,4.944975908412048,GC_parameters_VAC-v1_1.fits,NGC6121,224.0,222.0,71.4986,3.350663,-1.0473,0.10144072,0.0590999126434326,221.0,-1.025,0.098142385,0.0659999847412109,221.0,0.32745498,0.04107644,0.0268999934196472,221.0,-0.050890923,0.11363329,0.1196928024291992,221.0,0.84194005,0.4542186,0.6212599277496338,221.0,0.387833,0.104684144,0.1229900121688842,221.0,0.07025206,0.5002763,0.5791599750518799,215.0,0.345573,0.053373773,0.0424599051475524,221.0,0.45623094,0.12590651,0.1369999647140503,221.0,0.37294054,0.05893374,0.042009949684143,221.0,0.28703496,0.120865695,0.0581524223089218,220.0,0.11846265,0.149757,0.1009375005960464,218.0,0.061792433,0.06678552,0.0443999171257019,221.0,0.19288993,0.27524772,0.2770500183105469,221.0,-0.17070278481007925,0.1154032287926608,0.09041673813513479,0.2758604488629775,1.2679900744416874,0.6864944810872546,0.4850834620606169,,
22,NGC6144,5,588.0,14.3554,78.4436,0.098,0.098,-0.04379241130051868,0.17511707072627794,0.9489795918367346,0.03921184197627692,0.2815419501133787,101,3.6,360.0,0.051568,0.100278,-0.3710486030072464,0.5853725038566964,0.3491234707757983,0.035752,0.6932981694073844,7,694.0,14.36,138.93,3.59,3.79,-0.11327902919622897,0.5634579076239897,0.7207207207207207,1,2.56,,1,3.04,,5,3.79,-0.0449432131610331,0,,,0,,,0,,,0,,,0,,,0,,,0,,,0,,,0,,,1,1,1,1,1,1,1,1,101,5,7,1,1,1,catalogues/NGC_6144.txt,OK,5618,4134,3852,3532,3168,0.0280044638934551,0.0598253605837777,-1.7279,-2.6018,1.3300797072718562,1.0371807117064726,0.1134,19.81255,1.2725,0.4296469366562824,NGC 6144,246.80775,-26.0235,748s,304s,,61s,25s | 340s,25s | 350s,meth01 |  meth02 |  meth03,"CMD: (png)   | RGB: (png, tif)",1,NGC6144,246.80777,-26.0235,0.198,-1.802,0.0,194.79,3.7,-1.7439,-2.6069,0.39,8151.0,126.0,194.79,0.58,2.5,0.02,79200.0,13700.0,1.0,4.898725181589493,GC_parameters_VAC-v1_1.fits,NGC6144,1.0,1.0,187.61105,,-1.8209,,0.0,1.0,-1.8387,,0.0,1.0,0.468665,,0.0,1.0,-1.0253,,0.0,1.0,1.9820999,,0.0,1.0,0.7027328,,0.0,1.0,,,,0.0,0.5347229,,0.0,1.0,-0.28511906,,0.0,1.0,0.4355005,,0.0,1.0,0.60172486,,0.0,1.0,0.669543,,0.0,1.0,,,,0.0,0.97643995,,0.0,1.0,-0.17604001450133136,0.2815419501133787,0.6932981694073844,0.4413158274023214,1.0557103064066853,0.6729412611110845,,,
23,NGC6171,6,1039.0,7.0431,81.74,0.1325,0.131,-0.03475697237444936,0.16350516069929036,0.9636363636363636,0.004394921126674833,0.11217923875432528,101,6.000012,600.0012,0.090763,0.147972,-0.3161507381429894,0.5647954119200053,0.39258259292066205,0.0157292,0.17329969260601785,17,2275.0,7.04,544.67,3.5,3.5,-0.12029774246909043,0.2293111234282275,0.7086720867208672,7,3.53,-0.17435012083639417,4,2.895,-0.20694312757962688,6,3.54,-0.035290784051301115,0,,,0,,,0,,,0,,,0,,,0,,,0,,,0,,,0,,,1,1,1,1,1,1,1,1,101,6,17,65,1,1,catalogues/NGC_6171_M107.txt,OK,10684,8702,8503,8259,7999,0.0384468464246419,0.0876202820117613,-1.94,-5.9765,1.1434687683372973,0.8686439386751421,0.1795,19.4868,1.30825,0.4938257085734446,NGC 6171,248.13275,-13.053778,926s,350s,,140s,12s | 130s,12s | 150s,meth01 |  meth02 |  meth03,"CMD: (png)   | RGB: (png, tif)",1,NGC6171,248.13275,-13.05378,0.368,-1.017,0.105,-34.71,4.1,-1.9388,-5.9796,0.23,5631.0,76.3,-34.71,0.18,3.74,0.04,74900.0,3940.0,65.0,4.874481817699467,GC_parameters_VAC-v1_1.fits,NGC6171,65.0,63.0,-34.454197,2.7261019,-0.99287,0.10382358,0.138925015926361,63.0,-0.98645,0.10108878,0.1324949860572815,63.0,0.31857502,0.03689266,0.0437600314617157,63.0,-0.01807934,0.11906309,0.1438370645046234,63.0,0.8166799,0.4360812,0.6897249817848206,63.0,0.41721302,0.17035416,0.2175249755382537,63.0,0.0037119687,0.6205214,0.9534549713134766,50.0,0.32694298,0.06609697,0.0658300220966339,63.0,0.29617107,0.13371292,0.2036849558353424,63.0,0.3303805,0.046213653,0.0505550503730773,63.0,0.262895,0.068446346,0.079954981803894,63.0,0.18606317,0.1846586,0.1645269989967346,61.0,0.058412492,0.09802411,0.0581549704074859,63.0,0.14481997,0.289827,0.2726100087165832,61.0,-0.15706848432884304,0.11217923875432528,0.17329969260601785,0.3192038986825077,1.0,0.6882970144259644,0.47243423158738584,,
24,NGC6205,21,5263.0,6.8744,100.1628,0.228,0.259,-0.08818122323272386,0.1691046755286527,0.8875502008032129,0.05285395408163285,0.10337536220534116,101,15.000012,1500.0012,0.0972088,0.212685,-0.3405857063700949,0.3183558250190038,0.4055083231929257,0.0215923,0.22212289422356823,32,7094.0,6.87,820.44,7.789999999999999,9.11,-0.21402312742606697,0.31065460440058634,0.6107305936073059,6,5.915,-0.2798716419388512,5,5.54,-0.4025246655452494,21,8.02,-0.08809851748323093,0,,,0,,,0,,,0,,,0,,,0,,,0,,,0,,,0,,,1,1,1,1,1,1,1,1,101,21,32,152,1,1,catalogues/NGC_6205_M_13.txt,OK,37720,32900,32244,31598,31035,0.0742563801972598,0.1561710183327564,-3.1375,-2.5753,0.9053586956679428,1.1546544302296418,0.12995,19.424,0.7451,0.4591551916635653,NGC 6205,250.421833,36.459861,427s,350s,,46s,7s | 140s,7s | 140s,meth01 |  meth02 |  meth03,"CMD: (png)   | RGB: (png, tif)",1,NGC6205,250.42181,36.45986,1.036,-1.484,0.092,-244.9,9.6,-3.1495,-2.5734,0.31,7419.3,75.7,-244.9,0.3,8.64,0.04,544000.0,20600.0,152.0,5.73559889969818,GC_parameters_VAC-v1_1.fits,NGC6205,152.0,146.0,-246.19695,5.4442935,-1.48365,0.093395375,0.0903249979019165,146.0,-1.4666,0.10897231,0.1365250051021576,146.0,0.15757501,0.088448726,0.1205242443829774,146.0,-0.399175,0.2511543,0.3730024695396423,146.0,0.79729503,0.38235718,0.4269700497388839,146.0,0.16000497,0.23752101,0.2762330770492553,141.0,0.3477021,0.42099884,0.5160449743270874,132.0,0.08571577,0.1419074,0.1874295175075531,146.0,0.428851,0.44785285,0.8352725505828857,146.0,0.20328557,0.07371135,0.0863539278507232,146.0,0.23027498,0.13723005,0.1376625895500183,144.0,0.0004042387,0.1953712,0.207392930984497,141.0,-0.026857436,0.13474897,0.126099944114685,144.0,-0.09386003,0.33478507,0.2788000106811523,141.0,-0.2142633523429619,0.10337536220534116,0.22212289422356823,0.2660383683160809,1.1694480102695763,0.6345963725344815,0.6128862819453749,,
25,NGC6218,11,1332.0,10.4237,92.7132,0.177,0.174,-0.053626009756217,0.3979156944087814,0.9184782608695653,0.010666590408647592,0.11848765432098751,101,9.0,900.0,0.0961482,0.213139,-0.3694844716806802,0.4513279672451657,0.37379578786404394,0.0310172,0.3225978229441633,34,7249.0,9.86,539.35,4.2,5.16,-0.17671661802134508,0.2774862801097143,0.6338329764453962,13,4.54,-0.17623150170572552,10,3.265,-0.375411117706881,11,4.29,-0.05243898434873154,0,,,0,,,0,,,0,,,0,,,0,,,0,,,0,,,0,,,1,1,1,1,1,1,1,1,101,11,34,107,1,1,catalogues/NGC_6218_M_12.txt,OK,22224,18132,17758,17361,16974,0.0540058329037031,0.1213471590011929,-0.1943,-6.81085,1.0203577137426132,0.8318952977763207,0.2067,19.226750000000003,1.0277,0.4787138191237752,NGC 6218,251.809083,-1.948528,790s,306s,,66s,4s | 90s,4s | 90s,meth01 |  meth02 |  meth03,"CMD: (png)   | RGB: (png, tif)",1,NGC6218,251.80907,-1.94853,0.508,-1.27,0.061,-41.67,4.8,-0.191,-6.8025,0.27,5109.4,48.4,-41.67,0.14,4.57,0.02,106000.0,3240.0,107.0,5.02530586526477,GC_parameters_VAC-v1_1.fits,NGC6218,107.0,106.0,-41.18573,3.0647333,-1.2713001,0.06167461,0.046049952507019,106.0,-1.2783,0.062555805,0.0624000132083892,106.0,0.28834,0.04214593,0.055635005235672,106.0,-0.17007005,0.20367424,0.2594578862190246,106.0,0.62347996,0.40943646,0.6339423656463623,106.0,0.32731295,0.14247276,0.1573500633239746,105.0,0.11220205,0.49332947,0.6366450190544128,87.0,0.306663,0.056686934,0.0712900757789611,106.0,0.06458098,0.17290577,0.2557099163532257,106.0,0.26731563,0.048455495,0.0541050881147384,106.0,0.25867498,0.10416793,0.1077600717544555,105.0,0.017568111,0.166227,0.1568069458007812,97.0,0.008392632,0.14447732,0.0991999208927154,106.0,-0.18285996,0.30591658,0.3398000001907348,100.0,-0.19994236648608077,0.11848765432098751,0.3225978229441633,0.3755766472545538,1.2285714285714286,0.6420356750596685,0.4522740165890552,,
26,NGC6254,16,1866.0,10.752,96.1468,0.2405,0.265,-0.06738549348594587,0.15899868292928535,0.888015717092338,-0.1250143908813014,0.13458051126036674,101,11.999988,1199.9988,0.122528,0.225855,-0.33534890820394936,0.4678069023631787,0.3928293932582099,0.0206198,0.16828643248890052,36,8145.0,7.85,574.92,5.73,6.45,-0.18415801902446116,0.30877310494200083,0.6901062959934586,17,5.59,-0.1492946241323338,4,3.915,-0.41559636647079745,15,5.79,-0.060182557571759325,0,,,0,,,0,,,0,,,0,,,0,,,0,,,0,,,0,,,1,1,1,1,1,1,1,1,101,16,36,87,1,1,catalogues/NGC_6254_M_10.txt,OK,32290,23184,22441,21690,20982,0.0666352009076284,0.1478467111571982,-4.7562,-6.6082,1.10850936395851,0.8658748205893911,0.1917,19.4155,1.0866,0.4805044338487589,NGC 6254,254.287708,-4.100306,790s,306s,,66s,4s | 90s,4s | 90s,meth01 |  meth02 |  meth03,"CMD: (png)   | RGB: (png, tif)",1,NGC6254,254.28772,-4.10031,0.611,-1.506,0.073,74.21,6.3,-4.7583,-6.5969,0.33,5067.4,63.6,74.21,0.23,4.35,0.03,199000.0,4200.0,87.0,5.298853076409706,GC_parameters_VAC-v1_1.fits,NGC6254,87.0,87.0,76.348145,4.1876144,-1.5106,0.074179396,0.0889999866485595,87.0,-1.4944,0.091990136,0.1185500025749206,87.0,0.252495,0.08808356,0.1546500027179718,87.0,-0.3951,0.17677015,0.2246500849723816,87.0,0.5186,0.48038572,0.6403450071811676,87.0,0.31370294,0.1813662,0.2649571299552917,87.0,-0.06604797,0.48374528,0.7626500129699707,62.0,0.24950314,0.1125927,0.1523169875144958,87.0,-0.07881904,0.47210455,0.9134050011634828,87.0,0.25364053,0.044527642,0.054265022277832,87.0,0.26273,0.13632953,0.1179099082946777,86.0,-0.049946904,0.155929,0.1550170183181762,85.0,-0.011707425,0.07706227,0.0824499130249023,87.0,-0.38541,0.27850467,0.4983499944210052,84.0,-0.1956308069047855,0.13458051126036674,0.16828643248890052,0.3118595634114883,1.12565445026178,0.6569838021146688,0.6869008989620233,,
27,NGC6304,8,887.0,6.636,73.9388,0.1775,0.172,-0.032164810422713117,0.40619203701747575,0.956772334293948,0.036135945084030396,0.144405994398409,101,2.9999988,299.99988,0.120576,0.17587,-0.16581771424618846,0.1821900123247482,0.6524458083210055,0.0307159,0.2547430666135881,14,1212.0,6.64,177.87,5.035,5.02,-0.10380568296984717,0.4468228794170652,0.7352941176470589,4,4.845,-0.276982396669753,2,3.775,,8,5.175,-0.03231938045405322,0,,,0,,,0,,,0,,,0,,,0,,,0,,,0,,,0,,,1,1,1,1,1,1,1,1,101,8,14,34,1,1,catalogues/NGC_6304.txt,OK,15428,2496,1703,1161,845,0.0296325834175827,0.0616978442889809,-4.0765,-1.0661,0.8270377195285108,0.5431696404677153,0.1562,18.9776,1.6488,0.2149148561362301,NGC 6304,258.634375,-29.462028,693s,304s,,61s,20s | 340s,20s | 350s,meth01 |  meth02 |  meth03,"CMD: (png)   | RGB: (png, tif)",1,NGC6304,258.6344,-29.46203,0.276,-0.476,0.051,-108.62,5.5,-4.0693,-1.0888,0.44,6151.9,148.3,-108.62,0.39,2.19,0.13,126000.0,11400.0,34.0,5.1003705451175625,GC_parameters_VAC-v1_1.fits,NGC6304,34.0,30.0,-108.2039,3.964416,-0.479975,0.056740597,0.055727481842041,30.0,-0.465715,0.051435303,0.05758748203516,30.0,0.243015,0.0389905,0.0367624834179878,30.0,-0.013514996,0.2455664,0.4001897424459457,30.0,0.75756,0.4367127,0.8845774941146374,30.0,0.288523,0.10563784,0.1022224724292755,30.0,0.259157,0.5414504,0.5137785077095032,28.0,0.298913,0.052264515,0.0394475162029266,30.0,0.29189,0.11939209,0.1856100261211395,29.0,0.20248058,0.039602753,0.0567025318741798,30.0,0.15834501,0.05300141,0.0812374725937843,30.0,0.20170319,0.14021988,0.200684979557991,27.0,0.084027514,0.04850851,0.0508074834942817,30.0,-0.0025850087,0.17274982,0.2656375169754028,26.0,-0.10059606921291625,0.144405994398409,0.2547430666135881,0.34506830958642976,0.9970208540218469,0.7815040867540041,0.45926411613793616,,
28,NGC6341,22,3094.0,3.2414,100.7625,0.186,0.193,-0.11835651947860848,0.3031777879549948,0.7707317073170732,0.010510865253330115,0.1872102811163754,101,9.0,900.0,0.0783062,0.252162,-0.3973563482394483,0.13570526429306928,0.37044510503145006,0.0627653,0.8015367876362279,33,3735.0,3.24,570.84,6.97,7.78,-0.23447643788594943,0.3465918081872356,0.5536159600997507,8,4.720000000000001,-0.30609520638177234,3,5.21,-0.3896622298724092,22,7.5,-0.11841031082372297,0,,,0,,,0,,,0,,,0,,,0,,,0,,,0,,,0,,,1,1,1,1,1,1,1,1,101,22,33,80,1,1,catalogues/NGC_6341_M_92.txt,OK,18601,15720,15282,14840,14447,0.0522279139827502,0.1124694703708237,-4.92975,-0.6351,1.1146123038174507,1.164514173115302,0.11515,19.5778,0.6998,0.4676743881690878,NGC 6341,259.280792,43.135944,707s,304s,,59s,7s | 340s,7s | 340s,meth01 |  meth02 |  meth03,"CMD: (png)   | RGB: (png, tif)",1,NGC6341,259.28076,43.13594,0.808,-2.245,0.077,-120.55,8.7,-4.9352,-0.6254,0.42,8501.4,70.2,-120.55,0.27,9.84,0.04,317000.0,3770.0,80.0,5.501059262217751,GC_parameters_VAC-v1_1.fits,NGC6341,80.0,78.0,-119.9656,4.645636,-2.2345,0.07970297,0.0880002975463867,75.0,-2.1542,0.116689734,0.1589000225067138,73.0,0.16944501,0.14679238,0.2488180100917816,73.0,-0.18070984,0.43384886,0.7627750039100647,75.0,1.01438,0.525249,0.5151350498199463,75.0,0.36823297,0.2978526,0.3370357751846313,72.0,0.6449021,0.5639756,0.9728997945785522,33.0,0.23133302,0.20904338,0.3198450803756714,75.0,0.45898098,0.3404111,0.4094750881195068,66.0,0.3328905,0.07337639,0.0860450863838195,75.0,0.32367486,0.42836463,0.5990867018699646,66.0,0.28083324,0.41984987,0.6326451301574707,42.0,0.082042456,0.19392161,0.2608999907970428,28.0,0.27854013,0.29767042,0.4542000293731689,21.0,-0.25006310186800207,0.1872102811163754,0.8015367876362279,0.2618249534784332,1.1162123385939742,0.5649309241494246,0.6646938597225457,,
29,NGC6352,6,794.0,11.6906,76.8893,0.1235,0.12,-0.022603973499333466,0.07750372274451783,0.9841269841269841,-0.007905015810031557,0.10351738667561344,101,6.000012,600.0012,0.0934394,0.125508,-0.38196864253295615,0.9510414543623363,0.26414073071718536,0.0189632,0.20294650864624558,11,1461.0,11.69,246.08,3.15,3.15,-0.07738032152932421,0.47781824373274984,0.874251497005988,2,2.715,,3,3.1,-0.06620593582548195,6,3.245,-0.023742070679882387,0,,,0,,,0,,,0,,,0,,,0,,,0,,,0,,,0,,,0,0,0,1,1,1,1,1,101,6,11,0,1,0,catalogues/NGC_6352.txt,OK,34948,12435,8376,6128,4651,0.0430474156954548,0.0900441556835041,-2.15175,-4.44115,0.8085042650462975,0.6354249390965409,0.17515,19.1179,1.2023,0.3831184336198663,NGC 6352,261.371292,-48.422167,706s,311s,,72s,7s | 140s,7s | 150s,meth01 |  meth02 |  meth03,"CMD: (png)   | RGB: (png, tif)",1,,,,,,,,,,,,,,,,,,,,,,,,,,,,,,,,,,,,,,,,,,,,,,,,,,,,,,,,,,,,,,,,,,,,,,,,,,,,,,,,,,,,-0.1606509791872046,0.10351738667561344,0.20294650864624558,0.502121140279868,1.0,0.7075064039500525,,,No APOGEE VAC row in supplied files for this GC
30,NGC6362,10,1094.0,16.6287,97.4544,0.0945,0.099,-0.026794607823849934,0.11553801500020955,0.9895833333333334,-0.010050000000000003,0.0664833894837703,101,7.2,720.0,0.064503,0.107105,-0.35954477091457476,0.6444479465216543,0.31301708445236404,0.0170112,0.2637272684991396,27,2614.0,14.29,451.18,3.44,3.9,-0.12717996405902468,0.3581493473780798,0.7298050139275767,8,3.165,-0.1540547417002213,4,3.005,-0.3163421864438773,10,3.425,-0.026970643884754696,0,,,0,,,0,,,0,,,0,,,0,,,5,3.88,-0.36290336703278325,0,,,0,,,0,0,0,1,1,1,1,1,101,10,27,0,1,0,catalogues/NGC_6362.txt,OK,23789,16607,16155,15628,15176,0.0485275179666135,0.1058430819656872,-5.5136,-4.7672,0.7681030212922288,1.0342486326253528,0.1249,19.6045,0.8662,0.4607861343237387,NGC 6362,262.979125,-67.048333,720s,323s,,68s,10s | 130s,10s | 150s,meth01 |  meth02 |  meth03,"CMD: (png)   | RGB: (png, tif)",1,,,,,,,,,,,,,,,,,,,,,,,,,,,,,,,,,,,,,,,,,,,,,,,,,,,,,,,,,,,,,,,,,,,,,,,,,,,,,,,,,,,,-0.17117311426581647,0.0664833894837703,0.2637272684991396,0.3727117696333145,1.1337209302325582,0.6774684772377579,,,No APOGEE VAC row in supplied files for this GC
31,NGC6366,3,285.0,35.8006,83.4589,0.147,0.141,0.10699890080331742,,1.0992907801418441,0.13775510204081653,0.13775510204081653,101,7.2,720.0,0.113797,0.153848,-0.1620655641649868,0.23964710046127516,0.6333410188202663,0.017088,0.15016213081188431,12,1687.0,35.8,438.9,2.2,2.3,-0.09454432297075967,0.286995388300232,0.8391304347826087,3,2.17,0.05343714519995832,6,2.0549999999999997,-0.11856803976516311,3,2.4,0.10766903773126037,0,,,0,,,0,,,0,,,0,,,0,,,0,,,0,,,0,,,0,0,0,1,1,1,1,1,101,3,12,0,1,0,catalogues/NGC_6366.txt,OK,13858,9726,9305,8793,8362,0.0600826097968455,0.1383075119283483,-0.3374,-5.1723,0.8459208479231544,0.656495057670191,0.2761,19.5619,1.7632,0.6595378828586781,NGC 6366,261.934333,-5.079861,795s,305s,,62s,10s | 140s,10s | 140s,meth01 |  meth02 |  meth03,"CMD: (png)   | RGB: (png, tif)",1,,,,,,,,,,,,,,,,,,,,,,,,,,,,,,,,,,,,,,,,,,,,,,,,,,,,,,,,,,,,,,,,,,,,,,,,,,,,,,,,,,,,-0.049870328777476346,0.13775510204081653,0.15016213081188431,0.2633212443807536,1.0454545454545452,0.8572540779149064,,,No APOGEE VAC row in supplied files for this GC
32,NGC6397,7,617.0,6.2001,98.8607,0.445,0.458,-0.07650288082574151,0.22559628947343122,0.9106145251396647,-0.05490983393545967,0.05490983393545967,101,15.000012,1500.0012,0.232354,0.465253,-0.2782771744323522,0.24132080248433363,0.491301702522177,0.0108436,0.046668445561513894,19,3517.0,6.2,186.23,5.02,5.39,-0.11303491222268584,0.13953506336392393,0.7376146788990826,10,4.99,-0.13501080701844678,2,4.385,,7,5.24,-0.07450384679197883,0,,,0,,,0,,,0,,,0,,,0,,,0,,,0,,,0,,,1,1,1,1,1,1,1,1,101,7,19,187,1,1,catalogues/NGC_6397.txt,OK,103786,36117,35807,35527,35247,0.1084805973434881,0.2658229096709215,3.2572,-17.659,0.8899657434467726,0.7505010287988184,0.4214,18.8843,1.1598,0.5709777417823331,NGC 6397,265.175375,-53.674333,752s,310s,,66s,1s | 15s,1s | 15s,meth01 |  meth02 |  meth03,"CMD: (png)   | RGB: (png, tif)",1,NGC6397,265.17538,-53.67434,1.174,-2.022,0.06,18.51,5.5,3.2601,-17.664,0.49,2482.5,18.9,18.51,0.08,6.01,0.02,88200.0,1150.0,187.0,4.945468585131819,GC_parameters_VAC-v1_1.fits,NGC6397,187.0,187.0,19.025831,3.6824613,-2.0184,0.06528539,0.0651500225067138,172.0,-1.9202499,0.09515995,0.144225001335144,172.0,0.16668001,0.09952003,0.145622506737709,172.0,0.12809402,0.3224324,0.3797923326492309,172.0,0.6267401,0.46486768,0.500329852104187,172.0,0.30537307,0.24748543,0.2323130369186401,169.0,0.43825203,0.56236076,0.7948000431060791,76.0,0.28871,0.07848326,0.1026181578636169,172.0,0.40888107,0.371668,0.5923997759819031,171.0,0.29735053,0.052786388,0.059787631034851,172.0,0.33781505,0.3325546,0.374860405921936,157.0,0.047969222,0.38558793,0.554840087890625,119.0,0.03759253,0.1861851,0.1891752183437347,158.0,-0.070359945,0.42547166,0.5994999408721924,75.0,-0.1559383224935932,0.05490983393545967,0.046668445561513894,0.20215071844056295,1.0737051792828685,0.7131769688536415,0.6038715644739882,,
